PCA1,PCA2,Topic
174.55834464020526,-1.482144092341894e-14,1
-58.18611488052954,7.811723490664852e-10,2
-58.186114879902355,-2.812835519692926e-10,3
-58.186114879773314,-4.999332614294922e-10,4
