,CDU & CSU,SPD,B90 / Die Grünen,AFD,Die Linke,FDP
CDU & CSU,1.0000017881393433,0.7235162258148193,0.7212576866149902,0.5179648399353027,0.5963242053985596,0.45894888043403625
SPD,0.7235162258148193,1.0000007152557373,0.7575417757034302,0.4863610863685608,0.518825888633728,0.4353314936161041
B90 / Die Grünen,0.7212576866149902,0.7575417757034302,1.0000005960464478,0.49395811557769775,0.5375134944915771,0.44916051626205444
AFD,0.5179648399353027,0.4863610863685608,0.49395811557769775,0.9999992251396179,0.38262462615966797,0.39052021503448486
Die Linke,0.5963242053985596,0.518825888633728,0.5375134944915771,0.38262462615966797,0.9999997615814209,0.3133378326892853
FDP,0.45894888043403625,0.4353314936161041,0.44916051626205444,0.39052021503448486,0.3133378326892853,0.9999980330467224
