,CDU & CSU,SPD,B90 / Die Grünen,AFD,Die Linke,FDP
CDU & CSU,0.9999991655349731,0.4024207890033722,0.36716899275779724,0.1970483362674713,0.35707399249076843,0.40014708042144775
SPD,0.4024207890033722,0.9999983906745911,0.5705099701881409,0.1795004904270172,0.479801207780838,0.3663475811481476
B90 / Die Grünen,0.36716899275779724,0.5705099701881409,1.0000003576278687,0.1675967127084732,0.5142303109169006,0.35157492756843567
AFD,0.1970483362674713,0.1795004904270172,0.1675967127084732,0.9999998211860657,0.18723328411579132,0.22511613368988037
Die Linke,0.35707399249076843,0.479801207780838,0.5142303109169006,0.18723328411579132,0.9999999403953552,0.31095725297927856
FDP,0.40014708042144775,0.3663475811481476,0.35157492756843567,0.22511613368988037,0.31095725297927856,0.9999994039535522
