Bildung,Wirtschaft,Gesundheit,Umwelt
0.9478179812431335,0.7463427186012268,0.0013662531273439527,0.5892879962921143
