filename,Politik,Wirtschaft,Umwelt
DIE_LINKE,0.9967920184135437,0.8837283253669739,0.7547445297241211
FDP,0.9960498213768005,0.876588761806488,0.8856372237205505
DIE_GRUENEN,0.9959467053413391,0.8990874290466309,0.7509402632713318
AFD,0.9965458512306213,0.8968016505241394,0.7901597619056702
CDU-CSU,0.9954657554626465,0.9089112281799316,0.7374102473258972
SPD,0.9962309002876282,0.8971083164215088,0.745263934135437
