Bildung,Wirtschaft,Gesundheit,Umwelt
0.9501177072525024,0.7310339212417603,0.0012454316020011902,0.6151241660118103
