Bildung,Wirtschaft,Gesundheit,Umwelt
0.9609288573265076,0.7448765635490417,0.0011569197522476315,0.5886687636375427
