Bildung,Wirtschaft,Gesundheit,Umwelt
0.9502681493759155,0.7576951384544373,0.001315268105827272,0.5934392213821411
