PCA1,PCA2,Topic
-136.49380147312752,516.8352455459743,1
-356.83535456536407,-128.37843509124195,2
1460.9870966378087,-80.45475962907051,3
-566.4468192766403,-132.00475477211293,4
165.23569795396298,-43.992541281434946,5
-566.4468192766403,-132.00475477211293,6
