PCA1,PCA2,Topic
-100.46236266585133,-7.428136080313372e-11,1
-100.46236266564631,3.889614181057607e-10,2
-100.46236266595751,-3.145966965017855e-10,3
301.3870879974552,2.778693323845615e-14,4
