PCA1,PCA2,Topic
-82.9174972025333,-3.740095898396161e-10,1
248.7524916081754,-1.8351073536791032e-14,2
-82.91749720270484,-3.9502108337857864e-11,3
-82.91749720293724,4.134566449549309e-10,4
