PCA1,PCA2,Topic
-136.4938014731266,516.8352455458869,1
-356.83535456535395,-128.37843509120347,2
1460.9870966377712,-80.45475962902431,3
-566.4468192766261,-132.00475477206854,4
165.23569795395963,-43.99254128152185,5
-566.4468192766261,-132.00475477206854,6
