Bildung,Wirtschaft,Gesundheit,Umwelt
0.9703080654144287,0.7549620270729065,0.0011763923102989793,0.6332897543907166
