filename,Politik,Umwelt,Wirtschaft
DIE_LINKE,0.9550020098686218,0.8366551399230957,0.7010472416877747
FDP,0.9392891526222229,0.8464440703392029,0.7104735374450684
DIE_GRUENEN,0.9449524879455566,0.821536660194397,0.7169324159622192
AFD,0.9540716409683228,0.8323185443878174,0.7069265842437744
CDU-CSU,0.9419697523117065,0.8269525170326233,0.7657681107521057
SPD,0.9504470825195312,0.8213744163513184,0.7210553884506226
