filename,Bildung,Wirtschaft,Gesundheit,Umwelt
DIE_LINKE,0.9609288573265076,0.7448765635490417,0.0011569197522476315,0.5886687636375427
FDP,0.9380079507827759,0.7719072699546814,0.0011828318238258362,0.6456393003463745
DIE_GRUENEN,0.9501177072525024,0.7310339212417603,0.0012454316020011902,0.6151241660118103
AFD,0.9703080654144287,0.7549620270729065,0.0011763923102989793,0.6332897543907166
CDU-CSU,0.9478179812431335,0.7463427186012268,0.0013662531273439527,0.5892879962921143
SPD,0.9502681493759155,0.7576951384544373,0.001315268105827272,0.5934392213821411
