Bildung,Wirtschaft,Gesundheit,Umwelt
0.9380079507827759,0.7719072699546814,0.0011828318238258362,0.6456393003463745
